{"1": [0.1287388801574707, 0.1335153579711914, 0.11943197250366211, 0.117523193359375, 0.11931753158569336, 0.11874604225158691, 0.11902213096618652, 0.18196678161621094, 0.14871740341186523, 0.1286482810974121], "2": [0.1900174617767334, 0.16686749458312988, 0.16339612007141113, 0.19409441947937012, 0.17445826530456543, 0.16270160675048828, 0.18056893348693848, 0.16411876678466797, 0.16990208625793457, 0.1925668716430664], "3": [0.1893460750579834, 0.19011592864990234, 0.2029571533203125, 0.1873323917388916, 0.18945932388305664, 0.2178516387939453, 0.19343090057373047, 0.18915200233459473, 0.20301461219787598, 0.1998457908630371], "4": [0.1330432891845703, 0.1321718692779541, 0.13319754600524902, 0.16884803771972656, 0.14124131202697754, 0.13099455833435059, 0.13464999198913574, 0.1338808536529541, 0.13486075401306152, 0.1500241756439209], "5": [0.2845163345336914, 0.30376601219177246, 0.2888150215148926, 0.2804708480834961, 0.2822754383087158, 0.2815823554992676, 0.3031489849090576, 0.28980112075805664, 0.28135228157043457, 0.30692291259765625], "6_1": [0.4746272563934326, 0.46654582023620605, 0.45959925651550293, 0.45998334884643555, 0.4735403060913086, 0.4706864356994629, 0.4803144931793213, 0.4549136161804199, 0.47246694564819336, 0.4840052127838135], "6_2": [0.46092677116394043, 0.4776346683502197, 0.4866907596588135, 0.4566779136657715, 0.4691007137298584, 0.4865891933441162, 0.45875978469848633, 0.4691035747528076, 0.47888922691345215, 0.4529297351837158], "7": [0.3692746162414551, 0.37276506423950195, 0.35891127586364746, 0.3642866611480713, 0.38355016708374023, 0.34848546981811523, 0.3628849983215332, 0.3718693256378174, 0.3579702377319336, 0.35945868492126465], "8": [0.4449470043182373, 0.43286561965942383, 0.4104323387145996, 0.43753576278686523, 0.42665624618530273, 0.4216475486755371, 0.42131686210632324, 0.4251878261566162, 0.4404306411743164, 0.43111443519592285]}