{"1": [0.11813521385192871, 0.07858967781066895, 0.08003497123718262, 0.09116959571838379, 0.07427239418029785, 0.07748532295227051, 0.07461404800415039, 0.07552766799926758, 0.07896924018859863, 0.08498573303222656], "2": [0.08338189125061035, 0.0807180404663086, 0.07450413703918457, 0.08507490158081055, 0.08944344520568848, 0.08114767074584961, 0.07905817031860352, 0.08445382118225098, 0.09011101722717285, 0.07826471328735352], "3": [0.08779692649841309, 0.08680129051208496, 0.10275912284851074, 0.09536600112915039, 0.08737444877624512, 0.0793921947479248, 0.0842428207397461, 0.08893442153930664, 0.08232688903808594, 0.08613967895507812], "4": [0.10532546043395996, 0.11074399948120117, 0.21313691139221191, 0.1011815071105957, 0.1047658920288086, 0.11430048942565918, 0.10354399681091309, 0.10793304443359375, 0.10930275917053223, 0.10187220573425293], "5": [0.1546952724456787, 0.16562104225158691, 0.15138483047485352, 0.15399670600891113, 0.15944480895996094, 0.15622472763061523, 0.1828000545501709, 0.16337203979492188, 0.15189671516418457, 0.15528464317321777], "6_1": [0.1996300220489502, 0.1961197853088379, 0.2025737762451172, 0.19668340682983398, 0.19926714897155762, 0.20163226127624512, 0.20467901229858398, 0.1922767162322998, 0.2236316204071045, 0.19621729850769043], "6_2": [0.20316505432128906, 0.20714521408081055, 0.21957015991210938, 0.20987820625305176, 0.1963801383972168, 0.19796299934387207, 0.20035910606384277, 0.19705724716186523, 0.227569580078125, 0.19469428062438965], "7": [0.20351266860961914, 0.21044111251831055, 0.33222198486328125, 0.20745038986206055, 0.19667482376098633, 0.213728666305542, 0.20236635208129883, 0.20276093482971191, 0.2091679573059082, 0.21113204956054688], "8": [0.2918410301208496, 0.29466962814331055, 0.2963407039642334, 0.2860856056213379, 0.29450249671936035, 0.30110597610473633, 0.29106664657592773, 0.2933509349822998, 0.29386138916015625, 0.2973158359527588]}